
Insert into cart () value();
Insert into cart () value();
Insert into cart () value();

 
INSERT INTO product (details, tag, title, price, quantity) VALUES ('Lorem ipsum dolor sit amet, consectetur adipiscing elit, sed do eiusmod tempor incididunt ut labore et dolore magna aliqua.', 'Loyal', 'Dog1', 72, 5);
INSERT INTO product (details, tag, title, price, quantity) VALUES ('Lorem ipsum dolor sit amet, consectetur adipiscing elit, sed do eiusmod tempor incididunt ut labore et dolore magna aliqua.', 'Barks', 'Dog2', 86, 4);	
INSERT INTO product (details, tag, title, price, quantity) VALUES ('Lorem ipsum dolor sit amet, consectetur adipiscing elit, sed do eiusmod tempor incididunt ut labore et dolore magna aliqua.', 'Hairy', 'Dog3', 5, 7);	
INSERT INTO product (details, tag, title, price, quantity) VALUES ('Lorem ipsum dolor sit amet, consectetur adipiscing elit, sed do eiusmod tempor incididunt ut labore et dolore magna aliqua.', 'Fluffy', 'Cat1', 68, 3);	
INSERT INTO product (details, tag, title, price, quantity) VALUES ('Lorem ipsum dolor sit amet, consectetur adipiscing elit, sed do eiusmod tempor incididunt ut labore et dolore magna aliqua.', 'Cuddly', 'Cat2', 56, 1);	
INSERT INTO product (details, tag, title, price, quantity) VALUES ('Lorem ipsum dolor sit amet, consectetur adipiscing elit, sed do eiusmod tempor incididunt ut labore et dolore magna aliqua.', 'Mad', 'Cat3', 9, 4);

INSERT INTO item (product_Id, quantity, discount) VALUES (1, 6, 50);
INSERT INTO item (product_Id, quantity, discount) VALUES (2, 5, 5);
INSERT INTO item (product_Id, quantity, discount) VALUES (3, 4, 15);
INSERT INTO item (product_Id, quantity, discount) VALUES (4, 3, 25);
INSERT INTO item (product_Id, quantity, discount) VALUES (5, 2, 35);
INSERT INTO item (product_Id, quantity, discount) VALUES (6, 1, 5);

--INSERT INTO cart_item (cart_id, cartitems_id) VALUES (1, 1);
--INSERT INTO cart_item (cart_id, cartitems_id) VALUES (1, 2);
--INSERT INTO cart_item (cart_id, cartitems_id) VALUES (1, 3);
--INSERT INTO cart_item (cart_id, cartitems_id) VALUES (1, 4);
--INSERT INTO cart_item (cart_id, cartitems_id) VALUES (1, 5);
--INSERT INTO cart_item (cart_id, cartitems_id) VALUES (1, 6);


INSERT INTO payment (cardNumber, ccv, expirationMonth, expirationYear, fullName, paymentMethod) VALUES ('1234567890123456', '123', '01', '2018', 'Luat V Nguyen', 'VISA');
INSERT INTO payment (cardNumber, ccv, expirationMonth, expirationYear, fullName, paymentMethod) VALUES ('1111222233334444', '321', '01', '2019', 'Ding', 'MASTERCARD');
INSERT INTO payment (cardNumber, ccv, expirationMonth, expirationYear, fullName, paymentMethod) VALUES ('444433322221111', '231', '01', '2020', 'Kevin', 'DISCOVERY');

INSERT INTO address (fullName, addressLine1, addressLine2, city, state , zipCode,country, phoneNumber) VALUES('Luat Nguyen', '1302 S Main st', '', 'Fairfield', 'IA', '52556', 'US', '848-466-9338');
INSERT INTO address (fullName, addressLine1, addressLine2, city, state , zipCode,country, phoneNumber) VALUES('Duc Vo', '4986 S Jefferson st', '', 'Ottumwa', 'IA', '52789', 'US', '848-466-1234');
INSERT INTO address (fullName, addressLine1, addressLine2, city, state , zipCode,country, phoneNumber) VALUES('Tri Nguyen', '5678 S Nagle st', '', 'Daven Port', 'IA', '05656', 'US', '848-466-4321');



INSERT INTO Customer (email, firstName, lastName, cellPhone, notes, address_id, cart_id, payment_id) VALUES('luatnguyen@gmail.com', 'Luat', 'Nguyen', '(848) 466-9338', '', 1, 1, 1);
INSERT INTO Customer (email, firstName, lastName, cellPhone, notes, address_id, cart_id, payment_id) VALUES('tringuyen@gmail.com', 'Tri', 'Tran', '(848) 466-4567', '', 2, 2, 2);
INSERT INTO Customer (email, firstName, lastName, cellPhone, notes, address_id, cart_id, payment_id) VALUES('ducvo@gmail.com', 'Duc', 'Vo', '(848) 466-5276', '', 3, 3, 3);

--INSERT INTO customerorder (contactCellPhone, contactEmail, notes, orderDate, totalPrice, billingaddress_id, payment_id, shippingaddress_id) VALUES('(848) 466-9338', 'vglnguyen@mum.edu', null, '11/02/2017', 90, 1, 1, 2);
--INSERT INTO customerorder (contactCellPhone, contactEmail, notes, orderDate, totalPrice, billingaddress_id, payment_id, shippingaddress_id) VALUES('(848) 466-1234', 'luatguyen@mum.edu', null, '11/05/2017', 200, 1, 2, 1);
--INSERT INTO customerorder (contactCellPhone, contactEmail, notes, orderDate, totalPrice, billingaddress_id, payment_id, shippingaddress_id) VALUES('(848) 466-4321', 'luatnguyen@yahoo.com', null, '10/25/2017', 100, 2, 3, 3);

--INSERT INTO customer_customerorder (Customer_id, orderList_id) VALUES (1, 1);
--INSERT INTO customer_customerorder (Customer_id, orderList_id) VALUES (1, 2);
--INSERT INTO customer_customerorder (Customer_id, orderList_id) VALUES (2, 3);

--INSERT INTO CustomerOrder_Item(CustomerOrder_id,items_id) VALUES(1, 1);
--INSERT INTO CustomerOrder_Item(CustomerOrder_id,items_id) VALUES(1, 2);
--INSERT INTO CustomerOrder_Item(CustomerOrder_id,items_id) VALUES(1, 3);
--INSERT INTO CustomerOrder_Item(CustomerOrder_id,items_id) VALUES(1, 4);
--INSERT INTO CustomerOrder_Item(CustomerOrder_id,items_id) VALUES(1, 5);
--INSERT INTO CustomerOrder_Item(CustomerOrder_id,items_id) VALUES(1, 6);

--INSERT INTO CustomerOrder_Item(CustomerOrder_id,items_id) VALUES(2, 1);
--INSERT INTO CustomerOrder_Item(CustomerOrder_id,items_id) VALUES(2, 2);
--INSERT INTO CustomerOrder_Item(CustomerOrder_id,items_id) VALUES(2, 3);
--INSERT INTO CustomerOrder_Item(CustomerOrder_id,items_id) VALUES(2, 4);
--INSERT INTO CustomerOrder_Item(CustomerOrder_id,items_id) VALUES(2, 5);
--INSERT INTO CustomerOrder_Item(CustomerOrder_id,items_id) VALUES(2, 6);


insert into login(id, customerId, password, role, userid) values(1, 1, '123','USER','user1');
insert into login(id, customerId, password, role, userid) values(2, 2,'123','USER','user2');
insert into login(id, customerId, password, role, userid) values(3, 3,'123','USER','user3');
insert into login(id, password, role, userid) values(5,'123','ADMIN','admin1');
insert into login(id, password, role, userid) values(6,'123','ADMIN','admin2');
insert into login(id, password, role, userid) values(7,'123','ADMIN','admin3');
insert into login(id, password, role, userid) values(8,'123','ADMIN','admin4');



